Order,First Name,Last Name,Affiliation 1,Affiliation 2
1,Kosuke,Kita,"Department of Orthopaedic Surgery, Osaka University Graduate School of Medicine","Department of Artificial Intelligence in Diagnostic Radiology, Osaka University Graduate School of Medicine"
2,Kosuke,Ebina,"Department of Orthopaedic Surgery, Osaka University Graduate School of Medicine",
3,Yuki,Etani,"Department of Orthopaedic Surgery, Osaka University Graduate School of Medicine",
4,Takaaki,Noguchi,"Department of Orthopaedic Surgery, Osaka University Graduate School of Medicine",
5,Atsushi,Sugimoto,"Department of Orthopaedic Surgery, Osaka University Graduate School of Medicine",
6,Ken,Nakata,"Department of Medicine for Sports and Performing Arts, Osaka University Graduate School of Medicine",
7,Seiji,Okada,"Department of Orthopaedic Surgery, Osaka University Graduate School of Medicine",
8,Yuki,Suzuki,"Department of Artificial Intelligence in Diagnostic Radiology, Osaka University Graduate School of Medicine",
9,Masatoshi,Hori,"Department of Diagnostic Radiology, Osaka University Graduate School of Medicine",
